{
  "resourceType" : "Bundle",
  "id" : "f9dc833a-0938-4520-8c44-d20dd24a0899",
  "meta" : {
    "lastUpdated" : "2021-07-26T10:34:44.632+00:00"
  },
  "type" : "collection",
  "entry" : [{
    "fullUrl" : "xxxhttp://somewhere.org/fhir/uv/myig/ValueSet/medication-substitution-dispense-v1",
    "resource" : {
      "resourceType" : "ValueSet",
      "id" : "medication-substitution-dispense-v1",
      "text" : {
        "status" : "generated",
        "div" : "<div xmlns=\"http://www.w3.org/1999/xhtml\"><p>This value set contains 5 concepts</p><div style=\"border: black 1px dotted; background-color: #EEEEEE; padding: 8px; margin-bottom: 8px\"><p>Expansion based on: </p><ul><li><a href=\"http://terminology.hl7.org/2.1.0/CodeSystem-v3-ActReason.html\">ActReason v2.0.0 (CodeSystem)</a></li><li><a href=\"http://terminology.hl7.org/2.1.0/ValueSet-v3-SubstanceAdminSubstitutionReason.html\">SubstanceAdminSubstitutionReason v2.0.0 (ValueSet)</a></li></ul></div><p>All codes from system <a href=\"http://terminology.hl7.org/2.1.0/CodeSystem-v3-ActReason.html\"><code>http://terminology.hl7.org/CodeSystem/v3-ActReason</code></a></p><table class=\"codes\"><tr><td style=\"white-space:nowrap\"><b>Code</b></td><td><b>Display</b></td><td><b>Definition</b></td></tr><tr><td style=\"white-space:nowrap\"><a name=\"http---terminology.hl7.org-CodeSystem-v3-ActReason-CT\"> </a><a href=\"http://terminology.hl7.org/2.1.0/CodeSystem-v3-ActReason.html#v3-ActReason-CT\">CT</a></td><td>continuing therapy</td><td>Indicates that the decision to substitute or to not substitute was driven by a desire to maintain consistency with a pre-existing therapy. I.e. The performer provided the same item/service as had been previously provided rather than providing exactly what was ordered, or rather than substituting with a lower-cost equivalent.</td></tr><tr><td style=\"white-space:nowrap\"><a name=\"http---terminology.hl7.org-CodeSystem-v3-ActReason-FP\"> </a><a href=\"http://terminology.hl7.org/2.1.0/CodeSystem-v3-ActReason.html#v3-ActReason-FP\">FP</a></td><td>formulary policy</td><td>Indicates that the decision to substitute or to not substitute was driven by a policy expressed within the formulary.</td></tr><tr><td style=\"white-space:nowrap\"><a name=\"http---terminology.hl7.org-CodeSystem-v3-ActReason-OS\"> </a><a href=\"http://terminology.hl7.org/2.1.0/CodeSystem-v3-ActReason.html#v3-ActReason-OS\">OS</a></td><td>out of stock</td><td>In the case of 'substitution', indicates that the substitution occurred because the ordered item was not in stock. In the case of 'no substitution', indicates that a cheaper equivalent was not substituted because it was not in stock.</td></tr><tr><td style=\"white-space:nowrap\"><a name=\"http---terminology.hl7.org-CodeSystem-v3-ActReason-RR\"> </a><a href=\"http://terminology.hl7.org/2.1.0/CodeSystem-v3-ActReason.html#v3-ActReason-RR\">RR</a></td><td>regulatory requirement</td><td>Indicates that the decision to substitute or to not substitute was driven by a jurisdictional regulatory requirement mandating or prohibiting substitution.</td></tr><tr><td style=\"white-space:nowrap\"><a name=\"http---terminology.hl7.org-CodeSystem-v3-ActReason-UNABLE\"> </a><a href=\"http://terminology.hl7.org/2.1.0/CodeSystem-v3-ActReason.html#v3-ActReason-UNABLE\">UNABLE</a></td><td>unable to use</td><td>**Description:**&lt;The patient is not (or is no longer) able to use the medication in a manner prescribed.\r\n\r\n**Example:**CanaTMt swallow.</td></tr></table></div>"
      },
      "url" : "xxxhttp://somewhere.org/fhir/uv/myig/ValueSet/medication-substitution-dispense-v1",
      "version" : "0.1.0-test",
      "name" : "SubstitutionReason",
      "title" : "medication substitution Value set",
      "status" : "active",
      "date" : "2021-07-26T10:34:44+00:00",
      "publisher" : "xxxYour Work Group",
      "contact" : [{
        "telecom" : [{
          "system" : "url",
          "value" : "xxxhttp://hl7.org/Special/committees/[something]"
        }]
      }],
      "description" : "Value set for substituting a medication on dispense.",
      "jurisdiction" : [{
        "coding" : [{
          "system" : "http://unstats.un.org/unsd/methods/m49/m49.htm",
          "code" : "001"
        }]
      }],
      "expansion" : {
        "identifier" : "urn:uuid:ead0ba11-26e2-4b1b-86fa-601fb3a26bb5",
        "timestamp" : "2021-07-26T10:34:54+00:00",
        "total" : 5,
        "parameter" : [{
          "name" : "excludeNested",
          "valueBoolean" : false
        },
        {
          "name" : "version",
          "valueUri" : "http://terminology.hl7.org/ValueSet/v3-SubstanceAdminSubstitutionReason|2.0.0"
        },
        {
          "name" : "version",
          "valueUri" : "http://terminology.hl7.org/CodeSystem/v3-ActReason|2.0.0"
        }],
        "contains" : [{
          "system" : "http://terminology.hl7.org/CodeSystem/v3-ActReason",
          "abstract" : false,
          "inactive" : false,
          "code" : "CT",
          "display" : "continuing therapy"
        },
        {
          "system" : "http://terminology.hl7.org/CodeSystem/v3-ActReason",
          "abstract" : false,
          "inactive" : false,
          "code" : "FP",
          "display" : "formulary policy"
        },
        {
          "system" : "http://terminology.hl7.org/CodeSystem/v3-ActReason",
          "abstract" : false,
          "inactive" : false,
          "code" : "OS",
          "display" : "out of stock"
        },
        {
          "system" : "http://terminology.hl7.org/CodeSystem/v3-ActReason",
          "abstract" : false,
          "inactive" : false,
          "code" : "RR",
          "display" : "regulatory requirement"
        },
        {
          "system" : "http://terminology.hl7.org/CodeSystem/v3-ActReason",
          "code" : "UNABLE",
          "display" : "unable to use"
        }]
      }
    }
  }]
}