{
  "package": "xxxexample.fhir.uv.myig",
  "version": "0.1.0-test",
  "fhirVersion": "4.0.1",
  "jurisdiction": "001",
  "extensions": [],
  "profiles": {
    "MedicationAdministration": [
      {
        "url": "xxxhttp://somewhere.org/fhir/uv/myig/StructureDefinition/MedRecordAdministration",
        "title": "MedRecordAdministration"
      }
    ],
    "MedicationDispense": [
      {
        "url": "xxxhttp://somewhere.org/fhir/uv/myig/StructureDefinition/MedRecordDispense",
        "title": "MedRecordDispense"
      }
    ],
    "MedicationRequest": [
      {
        "url": "xxxhttp://somewhere.org/fhir/uv/myig/StructureDefinition/MedRecordPrescription",
        "title": "MedRecordPrescription"
      }
    ],
    "CarePlan": [
      {
        "url": "xxxhttp://somewhere.org/fhir/uv/myig/StructureDefinition/MedRecordTreatmentLine",
        "title": "MedRecordTreatmentLine"
      }
    ],
    "MedicationStatement": [
      {
        "url": "xxxhttp://somewhere.org/fhir/uv/myig/StructureDefinition/MedRecordTreatmentLine2",
        "title": "MedRecordTreatmentLine2"
      },
      {
        "url": "xxxhttp://somewhere.org/fhir/uv/myig/StructureDefinition/MedRecordUsage",
        "title": "MedRecordUsage"
      }
    ]
  },
  "usage": {
    "http://hl7.org/fhir/StructureDefinition/elementdefinition-bestpractice": [
      "StructureDefinition.snapshot.element.constraint"
    ],
    "http://hl7.org/fhir/StructureDefinition/elementdefinition-bestpractice-explanation": [
      "StructureDefinition.snapshot.element.constraint"
    ],
    "http://hl7.org/fhir/StructureDefinition/elementdefinition-bindingName": [
      "StructureDefinition.snapshot.element.binding"
    ],
    "http://hl7.org/fhir/StructureDefinition/elementdefinition-isCommonBinding": [
      "StructureDefinition.snapshot.element.binding"
    ],
    "http://hl7.org/fhir/StructureDefinition/elementdefinition-maxValueSet": [
      "StructureDefinition.snapshot.element.binding"
    ],
    "http://hl7.org/fhir/StructureDefinition/event-basedOn": [
      "MedicationAdministration",
      "MedicationDispense",
      "MedicationRequest",
      "MedicationStatement"
    ],
    "http://hl7.org/fhir/StructureDefinition/structuredefinition-category": [
      "StructureDefinition"
    ],
    "http://hl7.org/fhir/StructureDefinition/structuredefinition-fhir-type": [
      "StructureDefinition.snapshot.element.type"
    ],
    "http://hl7.org/fhir/StructureDefinition/structuredefinition-hierarchy": [
      "StructureDefinition.snapshot.element.type"
    ],
    "http://hl7.org/fhir/StructureDefinition/structuredefinition-security-category": [
      "StructureDefinition"
    ],
    "http://hl7.org/fhir/tools/StructureDefinition/ig-parameter": [
      "ImplementationGuide.definition"
    ],
    "http://hl7.org/fhir/tools/StructureDefinition/resource-information": [
      "ImplementationGuide.definition.resource"
    ]
  }
}