<?xml version="1.0" encoding="UTF-8"?><CodeSystem xmlns="http://hl7.org/fhir"><id value="be-cs-medication-summary-types"/><text><status value="generated"/><div xmlns="http://www.w3.org/1999/xhtml"><p>This code system xxxhttp://somewhere.org/fhir/uv/myig/CodeSystem/be-cs-medication-summary-types defines the following codes:</p><table class="codes"><tr><td style="white-space:nowrap"><b>Code</b></td><td><b>Display</b></td></tr><tr><td style="white-space:nowrap">kmehr-ms-5.6<a name="be-cs-medication-summary-types-kmehr-ms-5.466"> </a></td><td>Belgian Medication Schema v5.6 - 09/2018</td></tr><tr><td style="white-space:nowrap">kmehr-ms-5.5<a name="be-cs-medication-summary-types-kmehr-ms-5.465"> </a></td><td>Belgian Medication Schema v5.5 - 12-2017</td></tr></table></div></text><url value="xxxhttp://somewhere.org/fhir/uv/myig/CodeSystem/be-cs-medication-summary-types"/><version value="0.1.0-test"/><name value="BeCSMedicationSummaryTypes"/><title value="Medication Summary types"/><status value="active"/><date value="2021-08-03T10:25:36+00:00"/><publisher value="xxxYour Work Group"/><contact><telecom><system value="url"/><value value="xxxhttp://hl7.org/Special/committees/[something]"/></telecom></contact><description value="CodeSystem - Medication Summary types"/><jurisdiction><coding><system value="http://unstats.un.org/unsd/methods/m49/m49.htm"/><code value="001"/></coding></jurisdiction><content value="complete"/><count value="2"/><concept><code value="kmehr-ms-5.6"/><display value="Belgian Medication Schema v5.6 - 09/2018"/></concept><concept><code value="kmehr-ms-5.5"/><display value="Belgian Medication Schema v5.5 - 12-2017"/></concept></CodeSystem>