<?xml version="1.0" encoding="UTF-8"?><ImplementationGuide xmlns="http://hl7.org/fhir"><id value="xxxexample.fhir.uv.myig"/><text><status value="extensions"/><div xmlns="http://www.w3.org/1999/xhtml"><h2>xxxYourComputableMyIGNameHere</h2><p>The official URL for this implementation guide is: </p><pre>xxxhttp://somewhere.org/fhir/uv/myig/ImplementationGuide/example.fhir.uv.myig</pre><div><p>xxxA brief description of what this IG is about</p>
</div></div></text><url value="xxxhttp://somewhere.org/fhir/uv/myig/ImplementationGuide/example.fhir.uv.myig"/><version value="0.1.0-test"/><name value="xxxYourComputableMyIGNameHere"/><title value="xxxYour User Friendly Name for MyIG Here"/><status value="draft"/><experimental value="false"/><date value="2021-07-30T08:51:18+00:00"/><publisher value="xxxYour Work Group"/><contact><telecom><system value="url"/><value value="xxxhttp://hl7.org/Special/committees/[something]"/></telecom></contact><description value="xxxA brief description of what this IG is about "/><jurisdiction><coding><system value="http://unstats.un.org/unsd/methods/m49/m49.htm"/><code value="001"/></coding></jurisdiction><packageId value="xxxexample.fhir.uv.myig"/><license value="CC0-1.0"/><fhirVersion value="4.0.1"/><definition><extension url="http://hl7.org/fhir/tools/StructureDefinition/ig-parameter"><extension url="code"><valueString value="copyrightyear"/></extension><extension url="value"><valueString value="2019+"/></extension></extension><extension url="http://hl7.org/fhir/tools/StructureDefinition/ig-parameter"><extension url="code"><valueString value="releaselabel"/></extension><extension url="value"><valueString value="CI Build"/></extension></extension><extension url="http://hl7.org/fhir/tools/StructureDefinition/ig-parameter"><extension url="code"><valueString value="path-binary"/></extension><extension url="value"><valueString value="input\cql"/></extension></extension><extension url="http://hl7.org/fhir/tools/StructureDefinition/ig-parameter"><extension url="code"><valueString value="path-liquid"/></extension><extension url="value"><valueString value="templates\liquid"/></extension></extension><extension url="http://hl7.org/fhir/tools/StructureDefinition/ig-parameter"><extension url="code"><valueString value="autoload-resources"/></extension><extension url="value"><valueString value="true"/></extension></extension><extension url="http://hl7.org/fhir/tools/StructureDefinition/ig-parameter"><extension url="code"><valueString value="path-liquid"/></extension><extension url="value"><valueString value="template/liquid"/></extension></extension><extension url="http://hl7.org/fhir/tools/StructureDefinition/ig-parameter"><extension url="code"><valueString value="path-liquid"/></extension><extension url="value"><valueString value="input/liquid"/></extension></extension><extension url="http://hl7.org/fhir/tools/StructureDefinition/ig-parameter"><extension url="code"><valueString value="path-qa"/></extension><extension url="value"><valueString value="temp/qa"/></extension></extension><extension url="http://hl7.org/fhir/tools/StructureDefinition/ig-parameter"><extension url="code"><valueString value="path-temp"/></extension><extension url="value"><valueString value="temp/pages"/></extension></extension><extension url="http://hl7.org/fhir/tools/StructureDefinition/ig-parameter"><extension url="code"><valueString value="path-output"/></extension><extension url="value"><valueString value="output"/></extension></extension><extension url="http://hl7.org/fhir/tools/StructureDefinition/ig-parameter"><extension url="code"><valueString value="path-suppressed-warnings"/></extension><extension url="value"><valueString value="input/ignoreWarnings.txt"/></extension></extension><extension url="http://hl7.org/fhir/tools/StructureDefinition/ig-parameter"><extension url="code"><valueString value="path-history"/></extension><extension url="value"><valueString value="xxxhttp://somewhere.org/fhir/uv/myig/history.html"/></extension></extension><extension url="http://hl7.org/fhir/tools/StructureDefinition/ig-parameter"><extension url="code"><valueString value="template-html"/></extension><extension url="value"><valueString value="template-page.html"/></extension></extension><extension url="http://hl7.org/fhir/tools/StructureDefinition/ig-parameter"><extension url="code"><valueString value="template-md"/></extension><extension url="value"><valueString value="template-page-md.html"/></extension></extension><extension url="http://hl7.org/fhir/tools/StructureDefinition/ig-parameter"><extension url="code"><valueString value="apply-contact"/></extension><extension url="value"><valueString value="true"/></extension></extension><extension url="http://hl7.org/fhir/tools/StructureDefinition/ig-parameter"><extension url="code"><valueString value="apply-context"/></extension><extension url="value"><valueString value="true"/></extension></extension><extension url="http://hl7.org/fhir/tools/StructureDefinition/ig-parameter"><extension url="code"><valueString value="apply-copyright"/></extension><extension url="value"><valueString value="true"/></extension></extension><extension url="http://hl7.org/fhir/tools/StructureDefinition/ig-parameter"><extension url="code"><valueString value="apply-jurisdiction"/></extension><extension url="value"><valueString value="true"/></extension></extension><extension url="http://hl7.org/fhir/tools/StructureDefinition/ig-parameter"><extension url="code"><valueString value="apply-license"/></extension><extension url="value"><valueString value="true"/></extension></extension><extension url="http://hl7.org/fhir/tools/StructureDefinition/ig-parameter"><extension url="code"><valueString value="apply-publisher"/></extension><extension url="value"><valueString value="true"/></extension></extension><extension url="http://hl7.org/fhir/tools/StructureDefinition/ig-parameter"><extension url="code"><valueString value="apply-version"/></extension><extension url="value"><valueString value="true"/></extension></extension><extension url="http://hl7.org/fhir/tools/StructureDefinition/ig-parameter"><extension url="code"><valueString value="active-tables"/></extension><extension url="value"><valueString value="true"/></extension></extension><grouping id="-str-profile"><name value="Structures: Resource Profiles"/><description value="These define constraints on FHIR resources for systems conforming to this implementation guide"/></grouping><grouping id="-term-valueset"><name value="Terminology: Value Sets"/><description value="These define sets of codes used by systems conforming to this implementation guide"/></grouping><grouping id="-ex-example"><name value="Example: Example Instances"/><description value="These are example instances that show what data produced and consumed by systems conforming with this implementation guide might look like"/></grouping><resource><extension url="http://hl7.org/fhir/StructureDefinition/implementationguide-page"><valueUri value="MedicationRequest-example-5-of-medication-presc.html"/></extension><reference><reference value="MedicationRequest/example-5-of-medication-presc"/></reference><name value="Example MedicationRequest - example-5-of-medication-presc"/><exampleCanonical value="xxxhttp://somewhere.org/fhir/uv/myig/StructureDefinition/MedRecordPrescription"/><groupingId value="-ex-example"/></resource><resource><extension url="http://hl7.org/fhir/StructureDefinition/implementationguide-page"><valueUri value="StructureDefinition-MedRecordTreatment.html"/></extension><reference><reference value="StructureDefinition/MedRecordTreatment"/></reference><groupingId value="-str-profile"/></resource><resource><extension url="http://hl7.org/fhir/StructureDefinition/implementationguide-page"><valueUri value="MedicationDispense-example-3-2-of-medication-dispense.html"/></extension><reference><reference value="MedicationDispense/example-3-2-of-medication-dispense"/></reference><name value="Example MedicationDispense - example-3-2-of-medication-dispense"/><exampleCanonical value="xxxhttp://somewhere.org/fhir/uv/myig/StructureDefinition/MedRecordDispense"/><groupingId value="-ex-example"/></resource><resource><extension url="http://hl7.org/fhir/StructureDefinition/implementationguide-page"><valueUri value="MedicationDispense-example-10-2-of-medication-dispense.html"/></extension><reference><reference value="MedicationDispense/example-10-2-of-medication-dispense"/></reference><name value="Example MedicationDispense - example-10-2-of-medication-dispense"/><exampleCanonical value="xxxhttp://somewhere.org/fhir/uv/myig/StructureDefinition/MedRecordDispense"/><groupingId value="-ex-example"/></resource><resource><extension url="http://hl7.org/fhir/StructureDefinition/implementationguide-page"><valueUri value="MedicationDispense-example-3-of-medication-dispense.html"/></extension><reference><reference value="MedicationDispense/example-3-of-medication-dispense"/></reference><name value="Example MedicationDispense - example-3-of-medication-dispense"/><exampleCanonical value="xxxhttp://somewhere.org/fhir/uv/myig/StructureDefinition/MedRecordDispense"/><groupingId value="-ex-example"/></resource><resource><extension url="http://hl7.org/fhir/StructureDefinition/implementationguide-page"><valueUri value="MedicationDispense-example-4-1-of-medication-dispense.html"/></extension><reference><reference value="MedicationDispense/example-4-1-of-medication-dispense"/></reference><name value="Example MedicationDispense - example-4-1-of-medication-dispense"/><exampleCanonical value="xxxhttp://somewhere.org/fhir/uv/myig/StructureDefinition/MedRecordDispense"/><groupingId value="-ex-example"/></resource><resource><extension url="http://hl7.org/fhir/StructureDefinition/implementationguide-page"><valueUri value="StructureDefinition-MedRecordAdministration.html"/></extension><reference><reference value="StructureDefinition/MedRecordAdministration"/></reference><groupingId value="-str-profile"/></resource><resource><extension url="http://hl7.org/fhir/StructureDefinition/implementationguide-page"><valueUri value="MedicationStatement-example-7-of-medication-usage.html"/></extension><reference><reference value="MedicationStatement/example-7-of-medication-usage"/></reference><name value="Example MedicationStatement - example-7-of-medication-usage"/><exampleCanonical value="xxxhttp://somewhere.org/fhir/uv/myig/StructureDefinition/MedRecordUsage"/><groupingId value="-ex-example"/></resource><resource><extension url="http://hl7.org/fhir/StructureDefinition/implementationguide-page"><valueUri value="StructureDefinition-MedRecordTreatmentLine.html"/></extension><reference><reference value="StructureDefinition/MedRecordTreatmentLine"/></reference><groupingId value="-str-profile"/></resource><resource><extension url="http://hl7.org/fhir/StructureDefinition/implementationguide-page"><valueUri value="MedicationRequest-example-3-of-medication-presc.html"/></extension><reference><reference value="MedicationRequest/example-3-of-medication-presc"/></reference><name value="Example MedicationRequest - example-3-of-medication-presc"/><exampleCanonical value="xxxhttp://somewhere.org/fhir/uv/myig/StructureDefinition/MedRecordPrescription"/><groupingId value="-ex-example"/></resource><resource><extension url="http://hl7.org/fhir/StructureDefinition/implementationguide-page"><valueUri value="MedicationRequest-example-2-of-medication-presc.html"/></extension><reference><reference value="MedicationRequest/example-2-of-medication-presc"/></reference><name value="Example MedicationRequest - example-2-of-medication-presc"/><exampleCanonical value="xxxhttp://somewhere.org/fhir/uv/myig/StructureDefinition/MedRecordPrescription"/><groupingId value="-ex-example"/></resource><resource><extension url="http://hl7.org/fhir/StructureDefinition/implementationguide-page"><valueUri value="MedicationStatement-example-8-of-medication-usage.html"/></extension><reference><reference value="MedicationStatement/example-8-of-medication-usage"/></reference><name value="Example MedicationStatement - example-8-of-medication-usage"/><exampleCanonical value="xxxhttp://somewhere.org/fhir/uv/myig/StructureDefinition/MedRecordUsage"/><groupingId value="-ex-example"/></resource><resource><extension url="http://hl7.org/fhir/StructureDefinition/implementationguide-page"><valueUri value="StructureDefinition-MedRecordPrescription.html"/></extension><reference><reference value="StructureDefinition/MedRecordPrescription"/></reference><groupingId value="-str-profile"/></resource><resource><extension url="http://hl7.org/fhir/StructureDefinition/implementationguide-page"><valueUri value="MedicationDispense-example-5-of-medication-dispense.html"/></extension><reference><reference value="MedicationDispense/example-5-of-medication-dispense"/></reference><name value="Example MedicationDispense - example-5-of-medication-dispense"/><exampleCanonical value="xxxhttp://somewhere.org/fhir/uv/myig/StructureDefinition/MedRecordDispense"/><groupingId value="-ex-example"/></resource><resource><extension url="http://hl7.org/fhir/StructureDefinition/implementationguide-page"><valueUri value="MedicationDispense-example-10-1-of-medication-dispense.html"/></extension><reference><reference value="MedicationDispense/example-10-1-of-medication-dispense"/></reference><name value="Example MedicationDispense - example-10-1-of-medication-dispense"/><exampleCanonical value="xxxhttp://somewhere.org/fhir/uv/myig/StructureDefinition/MedRecordDispense"/><groupingId value="-ex-example"/></resource><resource><extension url="http://hl7.org/fhir/StructureDefinition/implementationguide-page"><valueUri value="MedicationAdministration-example-8-of-medication-administration.html"/></extension><reference><reference value="MedicationAdministration/example-8-of-medication-administration"/></reference><name value="Example MedicationAdministration - example-8-of-medication-administration"/><exampleCanonical value="xxxhttp://somewhere.org/fhir/uv/myig/StructureDefinition/MedRecordAdministration"/><groupingId value="-ex-example"/></resource><resource><extension url="http://hl7.org/fhir/StructureDefinition/implementationguide-page"><valueUri value="StructureDefinition-MedRecordUsage.html"/></extension><reference><reference value="StructureDefinition/MedRecordUsage"/></reference><groupingId value="-str-profile"/></resource><resource><extension url="http://hl7.org/fhir/StructureDefinition/implementationguide-page"><valueUri value="MedicationDispense-example-7-of-medication-dispense.html"/></extension><reference><reference value="MedicationDispense/example-7-of-medication-dispense"/></reference><name value="Example MedicationDispense - example-7-of-medication-dispense"/><exampleCanonical value="xxxhttp://somewhere.org/fhir/uv/myig/StructureDefinition/MedRecordDispense"/><groupingId value="-ex-example"/></resource><resource><extension url="http://hl7.org/fhir/StructureDefinition/implementationguide-page"><valueUri value="MedicationRequest-example-3-2-of-medication-presc.html"/></extension><reference><reference value="MedicationRequest/example-3-2-of-medication-presc"/></reference><name value="Example MedicationRequest - example-3-2-of-medication-presc"/><exampleCanonical value="xxxhttp://somewhere.org/fhir/uv/myig/StructureDefinition/MedRecordPrescription"/><groupingId value="-ex-example"/></resource><resource><extension url="http://hl7.org/fhir/StructureDefinition/implementationguide-page"><valueUri value="MedicationRequest-example-6-of-medication-presc.html"/></extension><reference><reference value="MedicationRequest/example-6-of-medication-presc"/></reference><name value="Example MedicationRequest - example-6-of-medication-presc"/><exampleCanonical value="xxxhttp://somewhere.org/fhir/uv/myig/StructureDefinition/MedRecordPrescription"/><groupingId value="-ex-example"/></resource><resource><extension url="http://hl7.org/fhir/StructureDefinition/implementationguide-page"><valueUri value="MedicationRequest-example-7-of-medication-presc.html"/></extension><reference><reference value="MedicationRequest/example-7-of-medication-presc"/></reference><name value="Example MedicationRequest - example-7-of-medication-presc"/><exampleCanonical value="xxxhttp://somewhere.org/fhir/uv/myig/StructureDefinition/MedRecordPrescription"/><groupingId value="-ex-example"/></resource><resource><extension url="http://hl7.org/fhir/StructureDefinition/implementationguide-page"><valueUri value="MedicationDispense-example-6-1-of-medication-dispense.html"/></extension><reference><reference value="MedicationDispense/example-6-1-of-medication-dispense"/></reference><name value="Example MedicationDispense - example-6-1-of-medication-dispense"/><exampleCanonical value="xxxhttp://somewhere.org/fhir/uv/myig/StructureDefinition/MedRecordDispense"/><groupingId value="-ex-example"/></resource><resource><extension url="http://hl7.org/fhir/StructureDefinition/implementationguide-page"><valueUri value="MedicationDispense-example-8-of-medication-dispense.html"/></extension><reference><reference value="MedicationDispense/example-8-of-medication-dispense"/></reference><name value="Example MedicationDispense - example-8-of-medication-dispense"/><exampleCanonical value="xxxhttp://somewhere.org/fhir/uv/myig/StructureDefinition/MedRecordDispense"/><groupingId value="-ex-example"/></resource><resource><extension url="http://hl7.org/fhir/StructureDefinition/implementationguide-page"><valueUri value="ValueSet-medication-substitution-dispense-v1.html"/></extension><reference><reference value="ValueSet/medication-substitution-dispense-v1"/></reference><name value="medication substitution Value set"/><description value="Value set for substituting a medication on dispense."/><groupingId value="-term-valueset"/></resource><resource><extension url="http://hl7.org/fhir/StructureDefinition/implementationguide-page"><valueUri value="MedicationRequest-example-8-of-medication-presc.html"/></extension><reference><reference value="MedicationRequest/example-8-of-medication-presc"/></reference><name value="Example MedicationRequest - example-8-of-medication-presc"/><exampleCanonical value="xxxhttp://somewhere.org/fhir/uv/myig/StructureDefinition/MedRecordPrescription"/><groupingId value="-ex-example"/></resource><resource><extension url="http://hl7.org/fhir/StructureDefinition/implementationguide-page"><valueUri value="MedicationDispense-example-4-2-of-medication-dispense.html"/></extension><reference><reference value="MedicationDispense/example-4-2-of-medication-dispense"/></reference><name value="Example MedicationDispense - example-4-2-of-medication-dispense"/><exampleCanonical value="xxxhttp://somewhere.org/fhir/uv/myig/StructureDefinition/MedRecordDispense"/><groupingId value="-ex-example"/></resource><resource><extension url="http://hl7.org/fhir/StructureDefinition/implementationguide-page"><valueUri value="MedicationDispense-example-10-3-of-medication-dispense.html"/></extension><reference><reference value="MedicationDispense/example-10-3-of-medication-dispense"/></reference><name value="Example MedicationDispense - example-10-3-of-medication-dispense"/><exampleCanonical value="xxxhttp://somewhere.org/fhir/uv/myig/StructureDefinition/MedRecordDispense"/><groupingId value="-ex-example"/></resource><resource><extension url="http://hl7.org/fhir/StructureDefinition/implementationguide-page"><valueUri value="StructureDefinition-MedRecordDispense.html"/></extension><reference><reference value="StructureDefinition/MedRecordDispense"/></reference><groupingId value="-str-profile"/></resource><resource><extension url="http://hl7.org/fhir/StructureDefinition/implementationguide-page"><valueUri value="MedicationRequest-example-4-of-medication-presc.html"/></extension><reference><reference value="MedicationRequest/example-4-of-medication-presc"/></reference><name value="Example MedicationRequest - example-4-of-medication-presc"/><exampleCanonical value="xxxhttp://somewhere.org/fhir/uv/myig/StructureDefinition/MedRecordPrescription"/><groupingId value="-ex-example"/></resource><resource><extension url="http://hl7.org/fhir/StructureDefinition/implementationguide-page"><valueUri value="MedicationDispense-example-2-of-medication-dispense.html"/></extension><reference><reference value="MedicationDispense/example-2-of-medication-dispense"/></reference><name value="Example MedicationDispense - example-2-of-medication-dispense"/><exampleCanonical value="xxxhttp://somewhere.org/fhir/uv/myig/StructureDefinition/MedRecordDispense"/><groupingId value="-ex-example"/></resource><resource><extension url="http://hl7.org/fhir/StructureDefinition/implementationguide-page"><valueUri value="MedicationDispense-example-1-of-medication-dispense.html"/></extension><reference><reference value="MedicationDispense/example-1-of-medication-dispense"/></reference><name value="Example MedicationDispense - example-1-of-medication-dispense"/><exampleCanonical value="xxxhttp://somewhere.org/fhir/uv/myig/StructureDefinition/MedRecordDispense"/><groupingId value="-ex-example"/></resource><resource><extension url="http://hl7.org/fhir/StructureDefinition/implementationguide-page"><valueUri value="MedicationRequest-example-1-of-medication-presc.html"/></extension><reference><reference value="MedicationRequest/example-1-of-medication-presc"/></reference><name value="Example MedicationRequest - example-1-of-medication-presc"/><exampleCanonical value="xxxhttp://somewhere.org/fhir/uv/myig/StructureDefinition/MedRecordPrescription"/><groupingId value="-ex-example"/></resource><page><nameUrl value="toc.html"/><title value="Table of Contents"/><generation value="html"/><page><nameUrl value="index.html"/><title value="MyIG Home Page"/><generation value="html"/></page><page><nameUrl value="downloads.html"/><title value="Useful Downloads"/><generation value="html"/></page><page><nameUrl value="changes.html"/><title value="IG Change History"/><generation value="html"/></page><page><nameUrl value="artifacts.html"/><title value="Artifacts Summary"/><generation value="html"/><page><nameUrl value="StructureDefinition-MedRecordTreatment.html"/><generation value="generated"/></page><page><nameUrl value="StructureDefinition-MedRecordAdministration.html"/><generation value="generated"/></page><page><nameUrl value="StructureDefinition-MedRecordTreatmentLine.html"/><generation value="generated"/></page><page><nameUrl value="StructureDefinition-MedRecordPrescription.html"/><generation value="generated"/></page><page><nameUrl value="StructureDefinition-MedRecordUsage.html"/><generation value="generated"/></page><page><nameUrl value="StructureDefinition-MedRecordDispense.html"/><generation value="generated"/></page><page><nameUrl value="ValueSet-medication-substitution-dispense-v1.html"/><title value="medication substitution Value set"/><generation value="generated"/></page><page><nameUrl value="MedicationRequest-example-5-of-medication-presc.html"/><title value="Example MedicationRequest - example-5-of-medication-presc"/><generation value="generated"/></page><page><nameUrl value="MedicationDispense-example-3-2-of-medication-dispense.html"/><title value="Example MedicationDispense - example-3-2-of-medication-dispense"/><generation value="generated"/></page><page><nameUrl value="MedicationDispense-example-10-2-of-medication-dispense.html"/><title value="Example MedicationDispense - example-10-2-of-medication-dispense"/><generation value="generated"/></page><page><nameUrl value="MedicationDispense-example-3-of-medication-dispense.html"/><title value="Example MedicationDispense - example-3-of-medication-dispense"/><generation value="generated"/></page><page><nameUrl value="MedicationDispense-example-4-1-of-medication-dispense.html"/><title value="Example MedicationDispense - example-4-1-of-medication-dispense"/><generation value="generated"/></page><page><nameUrl value="MedicationStatement-example-7-of-medication-usage.html"/><title value="Example MedicationStatement - example-7-of-medication-usage"/><generation value="generated"/></page><page><nameUrl value="MedicationRequest-example-3-of-medication-presc.html"/><title value="Example MedicationRequest - example-3-of-medication-presc"/><generation value="generated"/></page><page><nameUrl value="MedicationRequest-example-2-of-medication-presc.html"/><title value="Example MedicationRequest - example-2-of-medication-presc"/><generation value="generated"/></page><page><nameUrl value="MedicationStatement-example-8-of-medication-usage.html"/><title value="Example MedicationStatement - example-8-of-medication-usage"/><generation value="generated"/></page><page><nameUrl value="MedicationDispense-example-5-of-medication-dispense.html"/><title value="Example MedicationDispense - example-5-of-medication-dispense"/><generation value="generated"/></page><page><nameUrl value="MedicationDispense-example-10-1-of-medication-dispense.html"/><title value="Example MedicationDispense - example-10-1-of-medication-dispense"/><generation value="generated"/></page><page><nameUrl value="MedicationAdministration-example-8-of-medication-administration.html"/><title value="Example MedicationAdministration - example-8-of-medication-administration"/><generation value="generated"/></page><page><nameUrl value="MedicationDispense-example-7-of-medication-dispense.html"/><title value="Example MedicationDispense - example-7-of-medication-dispense"/><generation value="generated"/></page><page><nameUrl value="MedicationRequest-example-3-2-of-medication-presc.html"/><title value="Example MedicationRequest - example-3-2-of-medication-presc"/><generation value="generated"/></page><page><nameUrl value="MedicationRequest-example-6-of-medication-presc.html"/><title value="Example MedicationRequest - example-6-of-medication-presc"/><generation value="generated"/></page><page><nameUrl value="MedicationRequest-example-7-of-medication-presc.html"/><title value="Example MedicationRequest - example-7-of-medication-presc"/><generation value="generated"/></page><page><nameUrl value="MedicationDispense-example-6-1-of-medication-dispense.html"/><title value="Example MedicationDispense - example-6-1-of-medication-dispense"/><generation value="generated"/></page><page><nameUrl value="MedicationDispense-example-8-of-medication-dispense.html"/><title value="Example MedicationDispense - example-8-of-medication-dispense"/><generation value="generated"/></page><page><nameUrl value="MedicationRequest-example-8-of-medication-presc.html"/><title value="Example MedicationRequest - example-8-of-medication-presc"/><generation value="generated"/></page><page><nameUrl value="MedicationDispense-example-4-2-of-medication-dispense.html"/><title value="Example MedicationDispense - example-4-2-of-medication-dispense"/><generation value="generated"/></page><page><nameUrl value="MedicationDispense-example-10-3-of-medication-dispense.html"/><title value="Example MedicationDispense - example-10-3-of-medication-dispense"/><generation value="generated"/></page><page><nameUrl value="MedicationRequest-example-4-of-medication-presc.html"/><title value="Example MedicationRequest - example-4-of-medication-presc"/><generation value="generated"/></page><page><nameUrl value="MedicationDispense-example-2-of-medication-dispense.html"/><title value="Example MedicationDispense - example-2-of-medication-dispense"/><generation value="generated"/></page><page><nameUrl value="MedicationDispense-example-1-of-medication-dispense.html"/><title value="Example MedicationDispense - example-1-of-medication-dispense"/><generation value="generated"/></page><page><nameUrl value="MedicationRequest-example-1-of-medication-presc.html"/><title value="Example MedicationRequest - example-1-of-medication-presc"/><generation value="generated"/></page></page></page><parameter><code value="path-resource"/><value value="input\history"/></parameter><parameter><code value="path-resource"/><value value="input\scenarios"/></parameter><parameter><code value="path-resource"/><value value="input/capabilities"/></parameter><parameter><code value="path-resource"/><value value="input/examples"/></parameter><parameter><code value="path-resource"/><value value="input/extensions"/></parameter><parameter><code value="path-resource"/><value value="input/models"/></parameter><parameter><code value="path-resource"/><value value="input/operations"/></parameter><parameter><code value="path-resource"/><value value="input/profiles"/></parameter><parameter><code value="path-resource"/><value value="input/resources"/></parameter><parameter><code value="path-resource"/><value value="input/vocabulary"/></parameter><parameter><code value="path-resource"/><value value="input/testing"/></parameter><parameter><code value="path-resource"/><value value="input/history"/></parameter><parameter><code value="path-resource"/><value value="fsh-generated/resources"/></parameter><parameter><code value="path-pages"/><value value="template/config"/></parameter><parameter><code value="path-pages"/><value value="input/images"/></parameter><parameter><code value="path-tx-cache"/><value value="input-cache/txcache"/></parameter></definition></ImplementationGuide>