<?xml version="1.0" encoding="UTF-8"?><ValueSet xmlns="http://hl7.org/fhir"><id value="medication-substitution-dispense-v1"/><text><status value="extensions"/><div xmlns="http://www.w3.org/1999/xhtml"><p>This value set includes codes based on the following rules:</p><ul><li>Import all the codes that are contained in <a href="http://terminology.hl7.org/2.1.0/ValueSet-v3-SubstanceAdminSubstitutionReason.html">http://terminology.hl7.org/ValueSet/v3-SubstanceAdminSubstitutionReason</a></li><li>Include these codes as defined in <a href="http://terminology.hl7.org/2.1.0/CodeSystem-v3-ActReason.html"><code>http://terminology.hl7.org/CodeSystem/v3-ActReason</code></a><table class="none"><tr><td style="white-space:nowrap"><b>Code</b></td><td><b>Display</b></td><td><b>Definition</b></td></tr><tr><td><a href="http://terminology.hl7.org/2.1.0/CodeSystem-v3-ActReason.html#v3-ActReason-UNABLE">UNABLE</a></td><td>unable to use</td><td>**Description:**&lt;The patient is not (or is no longer) able to use the medication in a manner prescribed.<br/><br/>**Example:**CanaTMt swallow.</td></tr></table></li></ul></div></text><url value="xxxhttp://somewhere.org/fhir/uv/myig/ValueSet/medication-substitution-dispense-v1"/><version value="0.1.0-test"/><name value="SubstitutionReason"/><title value="medication substitution Value set"/><status value="active"/><date value="2021-08-03T09:00:33+00:00"/><publisher value="xxxYour Work Group"/><contact><telecom><system value="url"/><value value="xxxhttp://hl7.org/Special/committees/[something]"/></telecom></contact><description value="Value set for substituting a medication on dispense."/><jurisdiction><coding><system value="http://unstats.un.org/unsd/methods/m49/m49.htm"/><code value="001"/></coding></jurisdiction><compose><include><valueSet value="http://terminology.hl7.org/ValueSet/v3-SubstanceAdminSubstitutionReason"/></include><include><system value="http://terminology.hl7.org/CodeSystem/v3-ActReason"/><concept><code value="UNABLE"/><display value="unable to use"/></concept></include></compose></ValueSet>