{"resourceType":"CodeSystem","id":"be-cs-medication-summary-types","text":{"status":"generated","div":"<div xmlns=\"http://www.w3.org/1999/xhtml\"><p>This code system xxxhttp://somewhere.org/fhir/uv/myig/CodeSystem/be-cs-medication-summary-types defines the following codes:</p><table class=\"codes\"><tr><td style=\"white-space:nowrap\"><b>Code</b></td><td><b>Display</b></td></tr><tr><td style=\"white-space:nowrap\">kmehr-ms-5.6<a name=\"be-cs-medication-summary-types-kmehr-ms-5.466\"> </a></td><td>Belgian Medication Schema v5.6 - 09/2018</td></tr><tr><td style=\"white-space:nowrap\">kmehr-ms-5.5<a name=\"be-cs-medication-summary-types-kmehr-ms-5.465\"> </a></td><td>Belgian Medication Schema v5.5 - 12-2017</td></tr></table></div>"},"url":"xxxhttp://somewhere.org/fhir/uv/myig/CodeSystem/be-cs-medication-summary-types","version":"0.1.0-test","name":"BeCSMedicationSummaryTypes","title":"Medication Summary types","status":"active","date":"2021-08-03T09:00:33+00:00","publisher":"xxxYour Work Group","contact":[{"telecom":[{"system":"url","value":"xxxhttp://hl7.org/Special/committees/[something]"}]}],"description":"CodeSystem - Medication Summary types","jurisdiction":[{"coding":[{"system":"http://unstats.un.org/unsd/methods/m49/m49.htm","code":"001"}]}],"content":"complete","count":2,"concept":[{"code":"kmehr-ms-5.6","display":"Belgian Medication Schema v5.6 - 09/2018"},{"code":"kmehr-ms-5.5","display":"Belgian Medication Schema v5.5 - 12-2017"}]}