<?xml version="1.0" encoding="UTF-8"?>

<MedicationDispense xmlns="http://hl7.org/fhir">
  <id value="example-1-of-medication-dispense"/>
  <meta>
    <profile value="xxxhttp://somewhere.org/fhir/uv/myig/StructureDefinition/MedRecordDispense"/>
  </meta>
  <text>
    <status value="extensions"/><div xmlns="http://www.w3.org/1999/xhtml"><p><b>Generated Narrative</b></p><p><b>Based On</b>: <span></span></p><p><b>identifier</b>: id: f219aa4e-5d10-4f3d-840d-a15e0dff2957</p><p><b>status</b>: completed</p><p><b>medication</b>: <span title="Codes: {https://cnk.apb.be/codings/cnk_product_codes 2399640}">Amlodipin Sandoz tabl. (deelb.) Besilaat 100x 5mg</span></p><p><b>subject</b>: <span></span></p><blockquote><p><b>performer</b></p><p><b>function</b>: <span title="Codes: ">dispenser</span></p><p><b>actor</b>: <span>Pharmacist</span></p></blockquote><blockquote><p><b>performer</b></p><p><b>function</b>: <span title="Codes: ">dispensingOrg</span></p><p><b>actor</b>: <span>Pharmacy X</span></p></blockquote><p><b>authorizingPrescription</b>: <span></span></p><p><b>quantity</b>: 1 Box</p><p><b>whenHandedOver</b>: Jul 19, 2021, 11:00:00 AM</p><h3>Substitutions</h3><table class="grid"><tr><td>-</td><td><b>WasSubstituted</b></td><td><b>Reason</b></td></tr><tr><td>*</td><td>true</td><td><span title="Codes: {http://terminology.hl7.org/CodeSystem/v3-ActReason OS}">Out of Stock</span></td></tr></table></div>
  </text>
  <extension url="http://hl7.org/fhir/StructureDefinition/event-basedOn">
    <valueReference>
      <identifier>
        <system value="http://treatment-identifiers.com"/>
        <value value="0d462dac-513a-4fb0-a2fe-fb7f53b27c5d"/>
      </identifier>
    </valueReference>
  </extension>
  <identifier>
    <system value="http://dispense-identifiers.com"/>
    <value value="f219aa4e-5d10-4f3d-840d-a15e0dff2957"/>
  </identifier>
  <status value="completed"/>
  <medicationCodeableConcept>
    <coding>
      <system value="https://cnk.apb.be/codings/cnk_product_codes"/>
      <code value="2399640"/>
      <display value="Amlodipin Sandoz tabl. (deelb.) Besilaat 100x 5mg"/>
    </coding>
  </medicationCodeableConcept>
  <subject>
    <identifier>
      <system value="https://www.ehealth.fgov.be/standards/fhir/NamingSystem/ssin"/>
      <value value="64110219106"/>
    </identifier>
  </subject>
  <performer>
    <function>
      <coding>
        <code value="dispenser"/>
      </coding>
    </function>
    <actor>
      <identifier>
        <system value="http://dispenser-identifiers.com"/>
        <value value="7c3aa173-3185-4001-a661-df36a7492798"/>
      </identifier>
      <display value="Pharmacist"/>
    </actor>
  </performer>
  <performer>
    <function>
      <coding>
        <code value="dispensingOrg"/>
      </coding>
    </function>
    <actor>
      <identifier>
        <system value="http://dispenser-identifiers.com"/>
        <value value="5b2e9903-fba7-4ed3-aa76-52d386012ca0"/>
      </identifier>
      <display value="Pharmacy X"/>
    </actor>
  </performer>
  <authorizingPrescription>
    <identifier>
      <system value="http://prescription-identifiers.com"/>
      <value value="69eb6358-6eb6-40e4-972f-33d22c3392c5"/>
    </identifier>
  </authorizingPrescription>
  <quantity>
    <value value="1"/>
    <unit value="Box"/>
    <system value="http://standardterms.edqm.eu/PAC"/>
    <code value="30009000"/>
  </quantity>
  <whenHandedOver value="2021-07-19T13:00:00+02:00"/>
  <substitution>
    <wasSubstituted value="true"/>
    <reason>
      <coding>
        <system value="http://terminology.hl7.org/CodeSystem/v3-ActReason"/>
        <code value="OS"/>
        <display value="Out of Stock"/>
      </coding>
    </reason>
  </substitution>
</MedicationDispense>