{
  "package": "xxxexample.fhir.uv.myig",
  "version": "0.1.0-test",
  "fhirVersion": "4.0.1",
  "jurisdiction": "001",
  "extensions": [],
  "profiles": {
    "Organization": [
      {
        "url": "xxxhttp://somewhere.org/fhir/uv/myig/StructureDefinition/BeOrganization",
        "title": "BeOrganization"
      }
    ],
    "Patient": [
      {
        "url": "xxxhttp://somewhere.org/fhir/uv/myig/StructureDefinition/BePatient",
        "title": "BePatient"
      }
    ],
    "Practitioner": [
      {
        "url": "xxxhttp://somewhere.org/fhir/uv/myig/StructureDefinition/BePractitioner",
        "title": "BePractitioner"
      }
    ],
    "Bundle": [
      {
        "url": "xxxhttp://somewhere.org/fhir/uv/myig/StructureDefinition/MedRecord",
        "title": "Medication Record profile"
      }
    ],
    "Composition": [
      {
        "url": "xxxhttp://somewhere.org/fhir/uv/myig/StructureDefinition/MedRecord-comp",
        "title": "Structure Composition for medication Record profile"
      }
    ],
    "MedicationAdministration": [
      {
        "url": "xxxhttp://somewhere.org/fhir/uv/myig/StructureDefinition/MedRecordAdministration",
        "title": "Medication Record - Administration profile"
      }
    ],
    "MedicationDispense": [
      {
        "url": "xxxhttp://somewhere.org/fhir/uv/myig/StructureDefinition/be-medicationdispense",
        "title": "BeMedicationDispense"
      }
    ],
    "MedicationRequest": [
      {
        "url": "xxxhttp://somewhere.org/fhir/uv/myig/StructureDefinition/MedRecordOrder",
        "title": "Medication Record - Order profile"
      }
    ],
    "CarePlan": [
      {
        "url": "xxxhttp://somewhere.org/fhir/uv/myig/StructureDefinition/MedRecordTreatment",
        "title": "Medication Treatment profile"
      }
    ],
    "MedicationStatement": [
      {
        "url": "xxxhttp://somewhere.org/fhir/uv/myig/StructureDefinition/MedRecordTreatmentLine",
        "title": "Medication Treatment Line profile"
      },
      {
        "url": "xxxhttp://somewhere.org/fhir/uv/myig/StructureDefinition/MedRecordUsage",
        "title": "Medication Record - Usage profile"
      }
    ]
  },
  "usage": {
    "http://hl7.org/fhir/StructureDefinition/elementdefinition-bestpractice": [
      "StructureDefinition.snapshot.element.constraint"
    ],
    "http://hl7.org/fhir/StructureDefinition/elementdefinition-bestpractice-explanation": [
      "StructureDefinition.snapshot.element.constraint"
    ],
    "http://hl7.org/fhir/StructureDefinition/elementdefinition-bindingName": [
      "StructureDefinition.differential.element.binding",
      "StructureDefinition.snapshot.element.binding"
    ],
    "http://hl7.org/fhir/StructureDefinition/elementdefinition-isCommonBinding": [
      "StructureDefinition.snapshot.element.binding"
    ],
    "http://hl7.org/fhir/StructureDefinition/elementdefinition-maxValueSet": [
      "StructureDefinition.snapshot.element.binding"
    ],
    "http://hl7.org/fhir/StructureDefinition/elementdefinition-translatable": [
      "StructureDefinition.snapshot.element"
    ],
    "http://hl7.org/fhir/StructureDefinition/event-basedOn": [
      "MedicationAdministration",
      "MedicationDispense",
      "MedicationRequest",
      "MedicationStatement"
    ],
    "http://hl7.org/fhir/StructureDefinition/geolocation": [
      "MedicationDispense.contained"
    ],
    "http://hl7.org/fhir/StructureDefinition/structuredefinition-category": [
      "StructureDefinition"
    ],
    "http://hl7.org/fhir/StructureDefinition/structuredefinition-explicit-type-name": [
      "StructureDefinition.snapshot.element"
    ],
    "http://hl7.org/fhir/StructureDefinition/structuredefinition-fhir-type": [
      "StructureDefinition.snapshot.element.type"
    ],
    "http://hl7.org/fhir/StructureDefinition/structuredefinition-hierarchy": [
      "StructureDefinition.snapshot.element.type"
    ],
    "http://hl7.org/fhir/StructureDefinition/structuredefinition-security-category": [
      "StructureDefinition"
    ],
    "http://hl7.org/fhir/StructureDefinition/structuredefinition-standards-status": [
      "StructureDefinition.snapshot.element"
    ],
    "http://hl7.org/fhir/StructureDefinition/translation": [
      "MedicationDispense.dosageInstruction.text",
      "MedicationDispense.medicationCodeableConcept.coding.display"
    ],
    "http://hl7.org/fhir/tools/StructureDefinition/ig-parameter": [
      "ImplementationGuide.definition"
    ],
    "http://hl7.org/fhir/tools/StructureDefinition/resource-information": [
      "ImplementationGuide.definition.resource"
    ]
  }
}