<?xml version="1.0" encoding="UTF-8"?>

<ValueSet xmlns="http://hl7.org/fhir">
  <id value="be-vs-medication-summary-types"/>
  <text>
    <status value="generated"/><div xmlns="http://www.w3.org/1999/xhtml"><ul><li>Include all codes defined in <a href="CodeSystem-be-cs-medication-summary-types.html"><code>xxxhttp://somewhere.org/fhir/uv/myig/CodeSystem/be-cs-medication-summary-types</code></a></li></ul></div>
  </text>
  <url value="xxxhttp://somewhere.org/fhir/uv/myig/ValueSet/be-vs-medication-summary-types"/>
  <version value="0.1.0-test"/>
  <name value="BeVSMedicationSummaryTypes"/>
  <title value="Medication Summary types"/>
  <status value="active"/>
  <date value="2021-08-02T14:00:50+00:00"/>
  <publisher value="xxxYour Work Group"/>
  <contact>
    <telecom>
      <system value="url"/>
      <value value="xxxhttp://hl7.org/Special/committees/[something]"/>
    </telecom>
  </contact>
  <description value="Valueset -  Medication Summary types"/>
  <jurisdiction>
    <coding>
      <system value="http://unstats.un.org/unsd/methods/m49/m49.htm"/>
      <code value="001"/>
    </coding>
  </jurisdiction>
  <compose>
    <include>
      <system value="xxxhttp://somewhere.org/fhir/uv/myig/CodeSystem/be-cs-medication-summary-types"/>
    </include>
  </compose>
</ValueSet>