{"resourceType":"ImplementationGuide","id":"xxxexample.fhir.uv.myig","text":{"status":"extensions","div":"<div xmlns=\"http://www.w3.org/1999/xhtml\"><h2>xxxYourComputableMyIGNameHere</h2><p>The official URL for this implementation guide is: </p><pre>xxxhttp://somewhere.org/fhir/uv/myig/ImplementationGuide/example.fhir.uv.myig</pre><div><p>xxxA brief description of what this IG is about</p>\n</div></div>"},"url":"xxxhttp://somewhere.org/fhir/uv/myig/ImplementationGuide/example.fhir.uv.myig","version":"0.1.0-test","name":"xxxYourComputableMyIGNameHere","title":"xxxYour User Friendly Name for MyIG Here","status":"draft","experimental":false,"date":"2021-07-26T10:39:44+00:00","publisher":"xxxYour Work Group","contact":[{"telecom":[{"system":"url","value":"xxxhttp://hl7.org/Special/committees/[something]"}]}],"description":"xxxA brief description of what this IG is about ","jurisdiction":[{"coding":[{"system":"http://unstats.un.org/unsd/methods/m49/m49.htm","code":"001"}]}],"packageId":"xxxexample.fhir.uv.myig","license":"CC0-1.0","fhirVersion":["4.0.1"],"definition":{"extension":[{"extension":[{"url":"code","valueString":"copyrightyear"},{"url":"value","valueString":"2019+"}],"url":"http://hl7.org/fhir/tools/StructureDefinition/ig-parameter"},{"extension":[{"url":"code","valueString":"releaselabel"},{"url":"value","valueString":"CI Build"}],"url":"http://hl7.org/fhir/tools/StructureDefinition/ig-parameter"},{"extension":[{"url":"code","valueString":"path-binary"},{"url":"value","valueString":"input\\cql"}],"url":"http://hl7.org/fhir/tools/StructureDefinition/ig-parameter"},{"extension":[{"url":"code","valueString":"path-liquid"},{"url":"value","valueString":"templates\\liquid"}],"url":"http://hl7.org/fhir/tools/StructureDefinition/ig-parameter"},{"extension":[{"url":"code","valueString":"autoload-resources"},{"url":"value","valueString":"true"}],"url":"http://hl7.org/fhir/tools/StructureDefinition/ig-parameter"},{"extension":[{"url":"code","valueString":"path-liquid"},{"url":"value","valueString":"template/liquid"}],"url":"http://hl7.org/fhir/tools/StructureDefinition/ig-parameter"},{"extension":[{"url":"code","valueString":"path-liquid"},{"url":"value","valueString":"input/liquid"}],"url":"http://hl7.org/fhir/tools/StructureDefinition/ig-parameter"},{"extension":[{"url":"code","valueString":"path-qa"},{"url":"value","valueString":"temp/qa"}],"url":"http://hl7.org/fhir/tools/StructureDefinition/ig-parameter"},{"extension":[{"url":"code","valueString":"path-temp"},{"url":"value","valueString":"temp/pages"}],"url":"http://hl7.org/fhir/tools/StructureDefinition/ig-parameter"},{"extension":[{"url":"code","valueString":"path-output"},{"url":"value","valueString":"output"}],"url":"http://hl7.org/fhir/tools/StructureDefinition/ig-parameter"},{"extension":[{"url":"code","valueString":"path-suppressed-warnings"},{"url":"value","valueString":"input/ignoreWarnings.txt"}],"url":"http://hl7.org/fhir/tools/StructureDefinition/ig-parameter"},{"extension":[{"url":"code","valueString":"path-history"},{"url":"value","valueString":"xxxhttp://somewhere.org/fhir/uv/myig/history.html"}],"url":"http://hl7.org/fhir/tools/StructureDefinition/ig-parameter"},{"extension":[{"url":"code","valueString":"template-html"},{"url":"value","valueString":"template-page.html"}],"url":"http://hl7.org/fhir/tools/StructureDefinition/ig-parameter"},{"extension":[{"url":"code","valueString":"template-md"},{"url":"value","valueString":"template-page-md.html"}],"url":"http://hl7.org/fhir/tools/StructureDefinition/ig-parameter"},{"extension":[{"url":"code","valueString":"apply-contact"},{"url":"value","valueString":"true"}],"url":"http://hl7.org/fhir/tools/StructureDefinition/ig-parameter"},{"extension":[{"url":"code","valueString":"apply-context"},{"url":"value","valueString":"true"}],"url":"http://hl7.org/fhir/tools/StructureDefinition/ig-parameter"},{"extension":[{"url":"code","valueString":"apply-copyright"},{"url":"value","valueString":"true"}],"url":"http://hl7.org/fhir/tools/StructureDefinition/ig-parameter"},{"extension":[{"url":"code","valueString":"apply-jurisdiction"},{"url":"value","valueString":"true"}],"url":"http://hl7.org/fhir/tools/StructureDefinition/ig-parameter"},{"extension":[{"url":"code","valueString":"apply-license"},{"url":"value","valueString":"true"}],"url":"http://hl7.org/fhir/tools/StructureDefinition/ig-parameter"},{"extension":[{"url":"code","valueString":"apply-publisher"},{"url":"value","valueString":"true"}],"url":"http://hl7.org/fhir/tools/StructureDefinition/ig-parameter"},{"extension":[{"url":"code","valueString":"apply-version"},{"url":"value","valueString":"true"}],"url":"http://hl7.org/fhir/tools/StructureDefinition/ig-parameter"},{"extension":[{"url":"code","valueString":"active-tables"},{"url":"value","valueString":"true"}],"url":"http://hl7.org/fhir/tools/StructureDefinition/ig-parameter"}],"grouping":[{"id":"-str-profile","name":"Structures: Resource Profiles","description":"These define constraints on FHIR resources for systems conforming to this implementation guide"},{"id":"-term-valueset","name":"Terminology: Value Sets","description":"These define sets of codes used by systems conforming to this implementation guide"},{"id":"-ex-example","name":"Example: Example Instances","description":"These are example instances that show what data produced and consumed by systems conforming with this implementation guide might look like"}],"resource":[{"extension":[{"url":"http://hl7.org/fhir/StructureDefinition/implementationguide-page","valueUri":"MedicationDispense-example-4-1-of-medication-dispense.html"}],"reference":{"reference":"MedicationDispense/example-4-1-of-medication-dispense"},"name":"Example MedicationDispense - example-4-1-of-medication-dispense","exampleCanonical":"xxxhttp://somewhere.org/fhir/uv/myig/StructureDefinition/MedRecordDispense","groupingId":"-ex-example"},{"extension":[{"url":"http://hl7.org/fhir/StructureDefinition/implementationguide-page","valueUri":"ValueSet-medication-substitution-dispense-v1.html"}],"reference":{"reference":"ValueSet/medication-substitution-dispense-v1"},"name":"medication substitution Value set","description":"Value set for substituting a medication on dispense.","groupingId":"-term-valueset"},{"extension":[{"url":"http://hl7.org/fhir/StructureDefinition/implementationguide-page","valueUri":"MedicationRequest-example-5-of-medication-presc.html"}],"reference":{"reference":"MedicationRequest/example-5-of-medication-presc"},"name":"Example MedicationRequest - example-5-of-medication-presc","exampleCanonical":"xxxhttp://somewhere.org/fhir/uv/myig/StructureDefinition/MedRecordPrescription","groupingId":"-ex-example"},{"extension":[{"url":"http://hl7.org/fhir/StructureDefinition/implementationguide-page","valueUri":"MedicationDispense-example-8-of-medication-dispense.html"}],"reference":{"reference":"MedicationDispense/example-8-of-medication-dispense"},"name":"Example MedicationDispense - example-8-of-medication-dispense","exampleCanonical":"xxxhttp://somewhere.org/fhir/uv/myig/StructureDefinition/MedRecordDispense","groupingId":"-ex-example"},{"extension":[{"url":"http://hl7.org/fhir/StructureDefinition/implementationguide-page","valueUri":"StructureDefinition-MedRecordTreatmentLine2.html"}],"reference":{"reference":"StructureDefinition/MedRecordTreatmentLine2"},"groupingId":"-str-profile"},{"extension":[{"url":"http://hl7.org/fhir/StructureDefinition/implementationguide-page","valueUri":"MedicationStatement-example-8-of-medication-usage.html"}],"reference":{"reference":"MedicationStatement/example-8-of-medication-usage"},"name":"Example MedicationStatement - example-8-of-medication-usage","exampleCanonical":"xxxhttp://somewhere.org/fhir/uv/myig/StructureDefinition/MedRecordUsage","groupingId":"-ex-example"},{"extension":[{"url":"http://hl7.org/fhir/StructureDefinition/implementationguide-page","valueUri":"MedicationDispense-example-6-1-of-medication-dispense.html"}],"reference":{"reference":"MedicationDispense/example-6-1-of-medication-dispense"},"name":"Example MedicationDispense - example-6-1-of-medication-dispense","exampleCanonical":"xxxhttp://somewhere.org/fhir/uv/myig/StructureDefinition/MedRecordDispense","groupingId":"-ex-example"},{"extension":[{"url":"http://hl7.org/fhir/StructureDefinition/implementationguide-page","valueUri":"StructureDefinition-MedRecordUsage.html"}],"reference":{"reference":"StructureDefinition/MedRecordUsage"},"groupingId":"-str-profile"},{"extension":[{"url":"http://hl7.org/fhir/StructureDefinition/implementationguide-page","valueUri":"MedicationRequest-example-3-of-medication-presc.html"}],"reference":{"reference":"MedicationRequest/example-3-of-medication-presc"},"name":"Example MedicationRequest - example-3-of-medication-presc","exampleCanonical":"xxxhttp://somewhere.org/fhir/uv/myig/StructureDefinition/MedRecordPrescription","groupingId":"-ex-example"},{"extension":[{"url":"http://hl7.org/fhir/StructureDefinition/implementationguide-page","valueUri":"StructureDefinition-MedRecordDispense.html"}],"reference":{"reference":"StructureDefinition/MedRecordDispense"},"groupingId":"-str-profile"},{"extension":[{"url":"http://hl7.org/fhir/StructureDefinition/implementationguide-page","valueUri":"MedicationDispense-example-10-3-of-medication-dispense.html"}],"reference":{"reference":"MedicationDispense/example-10-3-of-medication-dispense"},"name":"Example MedicationDispense - example-10-3-of-medication-dispense","exampleCanonical":"xxxhttp://somewhere.org/fhir/uv/myig/StructureDefinition/MedRecordDispense","groupingId":"-ex-example"},{"extension":[{"url":"http://hl7.org/fhir/StructureDefinition/implementationguide-page","valueUri":"MedicationDispense-example-3-of-medication-dispense.html"}],"reference":{"reference":"MedicationDispense/example-3-of-medication-dispense"},"name":"Example MedicationDispense - example-3-of-medication-dispense","exampleCanonical":"xxxhttp://somewhere.org/fhir/uv/myig/StructureDefinition/MedRecordDispense","groupingId":"-ex-example"},{"extension":[{"url":"http://hl7.org/fhir/StructureDefinition/implementationguide-page","valueUri":"MedicationDispense-example-10-2-of-medication-dispense.html"}],"reference":{"reference":"MedicationDispense/example-10-2-of-medication-dispense"},"name":"Example MedicationDispense - example-10-2-of-medication-dispense","exampleCanonical":"xxxhttp://somewhere.org/fhir/uv/myig/StructureDefinition/MedRecordDispense","groupingId":"-ex-example"},{"extension":[{"url":"http://hl7.org/fhir/StructureDefinition/implementationguide-page","valueUri":"MedicationRequest-example-8-of-medication-presc.html"}],"reference":{"reference":"MedicationRequest/example-8-of-medication-presc"},"name":"Example MedicationRequest - example-8-of-medication-presc","exampleCanonical":"xxxhttp://somewhere.org/fhir/uv/myig/StructureDefinition/MedRecordPrescription","groupingId":"-ex-example"},{"extension":[{"url":"http://hl7.org/fhir/StructureDefinition/implementationguide-page","valueUri":"MedicationDispense-example-10-1-of-medication-dispense.html"}],"reference":{"reference":"MedicationDispense/example-10-1-of-medication-dispense"},"name":"Example MedicationDispense - example-10-1-of-medication-dispense","exampleCanonical":"xxxhttp://somewhere.org/fhir/uv/myig/StructureDefinition/MedRecordDispense","groupingId":"-ex-example"},{"extension":[{"url":"http://hl7.org/fhir/StructureDefinition/implementationguide-page","valueUri":"MedicationAdministration-example-8-of-medication-administration.html"}],"reference":{"reference":"MedicationAdministration/example-8-of-medication-administration"},"name":"Example MedicationAdministration - example-8-of-medication-administration","exampleCanonical":"xxxhttp://somewhere.org/fhir/uv/myig/StructureDefinition/MedRecordAdministration","groupingId":"-ex-example"},{"extension":[{"url":"http://hl7.org/fhir/StructureDefinition/implementationguide-page","valueUri":"MedicationRequest-example-2-of-medication-presc.html"}],"reference":{"reference":"MedicationRequest/example-2-of-medication-presc"},"name":"Example MedicationRequest - example-2-of-medication-presc","exampleCanonical":"xxxhttp://somewhere.org/fhir/uv/myig/StructureDefinition/MedRecordPrescription","groupingId":"-ex-example"},{"extension":[{"url":"http://hl7.org/fhir/StructureDefinition/implementationguide-page","valueUri":"MedicationDispense-example-2-of-medication-dispense.html"}],"reference":{"reference":"MedicationDispense/example-2-of-medication-dispense"},"name":"Example MedicationDispense - example-2-of-medication-dispense","exampleCanonical":"xxxhttp://somewhere.org/fhir/uv/myig/StructureDefinition/MedRecordDispense","groupingId":"-ex-example"},{"extension":[{"url":"http://hl7.org/fhir/StructureDefinition/implementationguide-page","valueUri":"MedicationRequest-example-3-2-of-medication-presc.html"}],"reference":{"reference":"MedicationRequest/example-3-2-of-medication-presc"},"name":"Example MedicationRequest - example-3-2-of-medication-presc","exampleCanonical":"xxxhttp://somewhere.org/fhir/uv/myig/StructureDefinition/MedRecordPrescription","groupingId":"-ex-example"},{"extension":[{"url":"http://hl7.org/fhir/StructureDefinition/implementationguide-page","valueUri":"MedicationRequest-example-6-of-medication-presc.html"}],"reference":{"reference":"MedicationRequest/example-6-of-medication-presc"},"name":"Example MedicationRequest - example-6-of-medication-presc","exampleCanonical":"xxxhttp://somewhere.org/fhir/uv/myig/StructureDefinition/MedRecordPrescription","groupingId":"-ex-example"},{"extension":[{"url":"http://hl7.org/fhir/StructureDefinition/implementationguide-page","valueUri":"StructureDefinition-MedRecordTreatmentLine.html"}],"reference":{"reference":"StructureDefinition/MedRecordTreatmentLine"},"groupingId":"-str-profile"},{"extension":[{"url":"http://hl7.org/fhir/StructureDefinition/implementationguide-page","valueUri":"MedicationRequest-example-1-of-medication-presc.html"}],"reference":{"reference":"MedicationRequest/example-1-of-medication-presc"},"name":"Example MedicationRequest - example-1-of-medication-presc","exampleCanonical":"xxxhttp://somewhere.org/fhir/uv/myig/StructureDefinition/MedRecordPrescription","groupingId":"-ex-example"},{"extension":[{"url":"http://hl7.org/fhir/StructureDefinition/implementationguide-page","valueUri":"MedicationDispense-example-5-of-medication-dispense.html"}],"reference":{"reference":"MedicationDispense/example-5-of-medication-dispense"},"name":"Example MedicationDispense - example-5-of-medication-dispense","exampleCanonical":"xxxhttp://somewhere.org/fhir/uv/myig/StructureDefinition/MedRecordDispense","groupingId":"-ex-example"},{"extension":[{"url":"http://hl7.org/fhir/StructureDefinition/implementationguide-page","valueUri":"StructureDefinition-MedRecordAdministration.html"}],"reference":{"reference":"StructureDefinition/MedRecordAdministration"},"groupingId":"-str-profile"},{"extension":[{"url":"http://hl7.org/fhir/StructureDefinition/implementationguide-page","valueUri":"MedicationRequest-example-7-of-medication-presc.html"}],"reference":{"reference":"MedicationRequest/example-7-of-medication-presc"},"name":"Example MedicationRequest - example-7-of-medication-presc","exampleCanonical":"xxxhttp://somewhere.org/fhir/uv/myig/StructureDefinition/MedRecordPrescription","groupingId":"-ex-example"},{"extension":[{"url":"http://hl7.org/fhir/StructureDefinition/implementationguide-page","valueUri":"MedicationRequest-example-4-of-medication-presc.html"}],"reference":{"reference":"MedicationRequest/example-4-of-medication-presc"},"name":"Example MedicationRequest - example-4-of-medication-presc","exampleCanonical":"xxxhttp://somewhere.org/fhir/uv/myig/StructureDefinition/MedRecordPrescription","groupingId":"-ex-example"},{"extension":[{"url":"http://hl7.org/fhir/StructureDefinition/implementationguide-page","valueUri":"MedicationDispense-example-4-2-of-medication-dispense.html"}],"reference":{"reference":"MedicationDispense/example-4-2-of-medication-dispense"},"name":"Example MedicationDispense - example-4-2-of-medication-dispense","exampleCanonical":"xxxhttp://somewhere.org/fhir/uv/myig/StructureDefinition/MedRecordDispense","groupingId":"-ex-example"},{"extension":[{"url":"http://hl7.org/fhir/StructureDefinition/implementationguide-page","valueUri":"StructureDefinition-MedRecordPrescription.html"}],"reference":{"reference":"StructureDefinition/MedRecordPrescription"},"groupingId":"-str-profile"},{"extension":[{"url":"http://hl7.org/fhir/StructureDefinition/implementationguide-page","valueUri":"MedicationDispense-example-3-2-of-medication-dispense.html"}],"reference":{"reference":"MedicationDispense/example-3-2-of-medication-dispense"},"name":"Example MedicationDispense - example-3-2-of-medication-dispense","exampleCanonical":"xxxhttp://somewhere.org/fhir/uv/myig/StructureDefinition/MedRecordDispense","groupingId":"-ex-example"},{"extension":[{"url":"http://hl7.org/fhir/StructureDefinition/implementationguide-page","valueUri":"MedicationDispense-example-1-of-medication-dispense.html"}],"reference":{"reference":"MedicationDispense/example-1-of-medication-dispense"},"name":"Example MedicationDispense - example-1-of-medication-dispense","exampleCanonical":"xxxhttp://somewhere.org/fhir/uv/myig/StructureDefinition/MedRecordDispense","groupingId":"-ex-example"},{"extension":[{"url":"http://hl7.org/fhir/StructureDefinition/implementationguide-page","valueUri":"MedicationStatement-example-7-of-medication-usage.html"}],"reference":{"reference":"MedicationStatement/example-7-of-medication-usage"},"name":"Example MedicationStatement - example-7-of-medication-usage","exampleCanonical":"xxxhttp://somewhere.org/fhir/uv/myig/StructureDefinition/MedRecordUsage","groupingId":"-ex-example"},{"extension":[{"url":"http://hl7.org/fhir/StructureDefinition/implementationguide-page","valueUri":"MedicationDispense-example-7-of-medication-dispense.html"}],"reference":{"reference":"MedicationDispense/example-7-of-medication-dispense"},"name":"Example MedicationDispense - example-7-of-medication-dispense","exampleCanonical":"xxxhttp://somewhere.org/fhir/uv/myig/StructureDefinition/MedRecordDispense","groupingId":"-ex-example"}],"page":{"nameUrl":"toc.html","title":"Table of Contents","generation":"html","page":[{"nameUrl":"index.html","title":"MyIG Home Page","generation":"html"},{"nameUrl":"downloads.html","title":"Useful Downloads","generation":"html"},{"nameUrl":"changes.html","title":"IG Change History","generation":"html"},{"nameUrl":"artifacts.html","title":"Artifacts Summary","generation":"html","page":[{"nameUrl":"StructureDefinition-MedRecordTreatmentLine2.html","generation":"generated"},{"nameUrl":"StructureDefinition-MedRecordUsage.html","generation":"generated"},{"nameUrl":"StructureDefinition-MedRecordDispense.html","generation":"generated"},{"nameUrl":"StructureDefinition-MedRecordTreatmentLine.html","generation":"generated"},{"nameUrl":"StructureDefinition-MedRecordAdministration.html","generation":"generated"},{"nameUrl":"StructureDefinition-MedRecordPrescription.html","generation":"generated"},{"nameUrl":"ValueSet-medication-substitution-dispense-v1.html","title":"medication substitution Value set","generation":"generated"},{"nameUrl":"MedicationDispense-example-4-1-of-medication-dispense.html","title":"Example MedicationDispense - example-4-1-of-medication-dispense","generation":"generated"},{"nameUrl":"MedicationRequest-example-5-of-medication-presc.html","title":"Example MedicationRequest - example-5-of-medication-presc","generation":"generated"},{"nameUrl":"MedicationDispense-example-8-of-medication-dispense.html","title":"Example MedicationDispense - example-8-of-medication-dispense","generation":"generated"},{"nameUrl":"MedicationStatement-example-8-of-medication-usage.html","title":"Example MedicationStatement - example-8-of-medication-usage","generation":"generated"},{"nameUrl":"MedicationDispense-example-6-1-of-medication-dispense.html","title":"Example MedicationDispense - example-6-1-of-medication-dispense","generation":"generated"},{"nameUrl":"MedicationRequest-example-3-of-medication-presc.html","title":"Example MedicationRequest - example-3-of-medication-presc","generation":"generated"},{"nameUrl":"MedicationDispense-example-10-3-of-medication-dispense.html","title":"Example MedicationDispense - example-10-3-of-medication-dispense","generation":"generated"},{"nameUrl":"MedicationDispense-example-3-of-medication-dispense.html","title":"Example MedicationDispense - example-3-of-medication-dispense","generation":"generated"},{"nameUrl":"MedicationDispense-example-10-2-of-medication-dispense.html","title":"Example MedicationDispense - example-10-2-of-medication-dispense","generation":"generated"},{"nameUrl":"MedicationRequest-example-8-of-medication-presc.html","title":"Example MedicationRequest - example-8-of-medication-presc","generation":"generated"},{"nameUrl":"MedicationDispense-example-10-1-of-medication-dispense.html","title":"Example MedicationDispense - example-10-1-of-medication-dispense","generation":"generated"},{"nameUrl":"MedicationAdministration-example-8-of-medication-administration.html","title":"Example MedicationAdministration - example-8-of-medication-administration","generation":"generated"},{"nameUrl":"MedicationRequest-example-2-of-medication-presc.html","title":"Example MedicationRequest - example-2-of-medication-presc","generation":"generated"},{"nameUrl":"MedicationDispense-example-2-of-medication-dispense.html","title":"Example MedicationDispense - example-2-of-medication-dispense","generation":"generated"},{"nameUrl":"MedicationRequest-example-3-2-of-medication-presc.html","title":"Example MedicationRequest - example-3-2-of-medication-presc","generation":"generated"},{"nameUrl":"MedicationRequest-example-6-of-medication-presc.html","title":"Example MedicationRequest - example-6-of-medication-presc","generation":"generated"},{"nameUrl":"MedicationRequest-example-1-of-medication-presc.html","title":"Example MedicationRequest - example-1-of-medication-presc","generation":"generated"},{"nameUrl":"MedicationDispense-example-5-of-medication-dispense.html","title":"Example MedicationDispense - example-5-of-medication-dispense","generation":"generated"},{"nameUrl":"MedicationRequest-example-7-of-medication-presc.html","title":"Example MedicationRequest - example-7-of-medication-presc","generation":"generated"},{"nameUrl":"MedicationRequest-example-4-of-medication-presc.html","title":"Example MedicationRequest - example-4-of-medication-presc","generation":"generated"},{"nameUrl":"MedicationDispense-example-4-2-of-medication-dispense.html","title":"Example MedicationDispense - example-4-2-of-medication-dispense","generation":"generated"},{"nameUrl":"MedicationDispense-example-3-2-of-medication-dispense.html","title":"Example MedicationDispense - example-3-2-of-medication-dispense","generation":"generated"},{"nameUrl":"MedicationDispense-example-1-of-medication-dispense.html","title":"Example MedicationDispense - example-1-of-medication-dispense","generation":"generated"},{"nameUrl":"MedicationStatement-example-7-of-medication-usage.html","title":"Example MedicationStatement - example-7-of-medication-usage","generation":"generated"},{"nameUrl":"MedicationDispense-example-7-of-medication-dispense.html","title":"Example MedicationDispense - example-7-of-medication-dispense","generation":"generated"}]}]},"parameter":[{"code":"path-resource","value":"input\\history"},{"code":"path-resource","value":"input\\scenarios"},{"code":"path-resource","value":"input/capabilities"},{"code":"path-resource","value":"input/examples"},{"code":"path-resource","value":"input/extensions"},{"code":"path-resource","value":"input/models"},{"code":"path-resource","value":"input/operations"},{"code":"path-resource","value":"input/profiles"},{"code":"path-resource","value":"input/resources"},{"code":"path-resource","value":"input/vocabulary"},{"code":"path-resource","value":"input/testing"},{"code":"path-resource","value":"input/history"},{"code":"path-resource","value":"fsh-generated/resources"},{"code":"path-pages","value":"template/config"},{"code":"path-pages","value":"input/images"},{"code":"path-tx-cache","value":"input-cache/txcache"}]}}